"IndividualId","Time [min]","Organism|PeripheralVenousBlood|Midazolam|Plasma (Peripheral Venous Blood) [µmol/l]","Organism|PeripheralVenousBlood|Hydroxy-Itraconazole|Plasma (Peripheral Venous Blood) [µmol/l]","Organism|PeripheralVenousBlood|Itraconazole|Plasma (Peripheral Venous Blood) [µmol/l]","Organism|PeripheralVenousBlood|Keto-Itraconazole|Plasma (Peripheral Venous Blood) [µmol/l]","Organism|PeripheralVenousBlood|N-desalkyl-Itraconazole|Plasma (Peripheral Venous Blood) [µmol/l]","Organism|VenousBlood|Plasma|Midazolam|Concentration in container [µmol/l]","Organism|VenousBlood|Plasma|Hydroxy-Itraconazole|Concentration in container [µmol/l]","Organism|VenousBlood|Plasma|Itraconazole|Concentration in container [µmol/l]","Organism|VenousBlood|Plasma|Keto-Itraconazole|Concentration in container [µmol/l]","Organism|VenousBlood|Plasma|N-desalkyl-Itraconazole|Concentration in container [µmol/l]","Organism|Lumen|Midazolam|Fraction of oral drug mass absorbed into mucosa","Organism|Lumen|Hydroxy-Itraconazole|Fraction of oral drug mass absorbed into mucosa","Organism|Lumen|Itraconazole|Fraction of oral drug mass absorbed into mucosa","Organism|Lumen|Keto-Itraconazole|Fraction of oral drug mass absorbed into mucosa","Organism|Lumen|N-desalkyl-Itraconazole|Fraction of oral drug mass absorbed into mucosa"
0,0,0,0,0,0,0,0,0,0,0,0,0,0,0,0,0
0,3,0,6.695283E-06,0.0003803194,2.295146E-07,1.572155E-08,0,6.996096E-05,0.002104294,2.664011E-06,3.310464E-07,0,0,0.07648802,0,0
0,6,0,0.000237239,0.003895618,9.655279E-06,1.495898E-06,0,0.0009862756,0.009788999,4.270402E-05,9.589226E-06,0,0,0.1732824,0,0
0,9,0,0.001289027,0.01243846,5.367839E-05,1.257828E-05,0,0.003581324,0.0229499,0.0001561669,4.792984E-05,0,0,0.2785858,0,0
0,12,0,0.003691532,0.02605301,0.0001518359,4.502273E-05,0,0.0081461,0.04090394,0.0003478631,0.0001284565,0,0,0.3862187,0,0
0,15,0,0.007727534,0.0440703,0.0003101711,0.0001061058,0,0.01468823,0.06276873,0.0006092269,0.000252622,0,0,0.4917619,0,0
0,18,0,0.01347416,0.06560829,0.0005259035,0.0001967457,0,0.02306627,0.08764235,0.0009283233,0.0004149422,0,0,0.592258,0,0
0,21,0,0.02086443,0.08976529,0.0007920468,0.0003135905,0,0.03305176,0.1146648,0.001293097,0.0006073936,0,0,0.6858943,0,0
0,24,0,0.02973759,0.1156981,0.001100056,0.0004514473,0,0.0443727,0.1430455,0.001692371,0.0008218405,0,0,0.7717071,0,0
0,27,0,0.03987937,0.1426303,0.001441176,0.0006048637,0,0.05674523,0.1717927,0.002116169,0.001051091,0,0,0.8296319,0,0
0,30,0,0.05103542,0.1690821,0.001806702,0.0007689559,0,0.06980437,0.1983738,0.002553425,0.001289442,0,0,0.8613355,0,0
0,33,0,0.06286046,0.1933597,0.002186138,0.0009397345,0,0.0830752,0.222136,0.002989645,0.00153216,0,0,0.8865786,0,0
0,36,0,0.07499027,0.214964,0.002568685,0.001113749,0,0.09622589,0.2430874,0.003414878,0.00177489,0,0,0.9072078,0,0
0,39,0,0.08713636,0.2339383,0.002946157,0.001288009,0,0.1090584,0.2614069,0.003823951,0.002014168,0,0,0.9240744,0,0
0,42,0,0.09909439,0.2504673,0.003313181,0.00146015,0,0.1214512,0.2773017,0.004214261,0.00224753,0,0,0.9378681,0,0
0,45,0,0.1107248,0.2647584,0.003666429,0.00162846,0,0.1333268,0.2909742,0.004584517,0.00247335,0,0,0.9491517,0,0
0,48,0,0.1219332,0.277011,0.004003909,0.001791797,0,0.1446355,0.3026145,0.004934131,0.002690641,0,0,0.958384,0,0
0,51,0,0.1326575,0.2874098,0.004324501,0.001949465,0,0.1553465,0.3124001,0.005262936,0.002898875,0,0,0.9659382,0,0
0,54,0,0.1428562,0.2961247,0.004627601,0.002101071,0,0.1654422,0.3204963,0.005571018,0.00309782,0,0,0.9721196,0,0
0,57,0,0.1525036,0.3033117,0.004912951,0.002246438,0,0.1749146,0.3270566,0.005858628,0.00328744,0,0,0.9771779,0,0
0,60,0,0.161585,0.3091144,0.005180537,0.00238552,0,0.1837631,0.3322235,0.006126145,0.003467821,0,0,0.9813177,0,0
0,63,0,0.170095,0.3136648,0.005430521,0.002518361,0,0.191993,0.336129,0.00637404,0.003639129,0,0,0.9847062,0,0
0,66,0,0.1780345,0.3170839,0.005663191,0.002645066,0,0.1996141,0.3388949,0.006602853,0.003801579,0,0,0.9874799,0,0
0,69,0,0.1854094,0.3194828,0.005878925,0.002765768,0,0.2066393,0.3406337,0.006813171,0.003955408,0,0,0.9897503,0,0
0,72,0,0.1922295,0.3209636,0.006078165,0.002880617,0,0.2130844,0.3414487,0.007005618,0.004100861,0,0,0.9916089,0,0
0,75,0,0.1985074,0.3216194,0.0062614,0.00298977,0,0.2189667,0.3414348,0.007180841,0.004238185,0,0,0.9931303,0,0
0,78,0,0.2042579,0.3215358,0.006429158,0.003093384,0,0.2243052,0.3406793,0.007339501,0.004367626,0,0,0.9943759,0,0
0,81,0,0.2094975,0.3207909,0.006581985,0.003191614,0,0.2291194,0.3392618,0.007482268,0.004489419,0,0,0.9953955,0,0
0,84,0,0.2142435,0.3194561,0.006720445,0.003284611,0,0.23343,0.3372553,0.007609814,0.004603792,0,0,0.9962303,0,0
0,87,0,0.2185143,0.3175967,0.006845111,0.003372519,0,0.2372574,0.3347267,0.007722809,0.004710966,0,0,0.9969137,0,0
0,90,0,0.2223286,0.3152722,0.006956558,0.003455479,0,0.2406225,0.3317369,0.007821914,0.004811152,0,0,0.9974732,0,0
0,93,0,0.2257053,0.312537,0.00705536,0.003533624,0,0.243546,0.3283415,0.007907783,0.004904553,0,0,0.9979313,0,0
0,96,0,0.2286637,0.3094406,0.007142088,0.003607083,0,0.2460485,0.3245913,0.007981057,0.004991365,0,0,0.9983063,0,0
0,99,0,0.2312224,0.3060282,0.007217303,0.003675981,0,0.2481501,0.3205326,0.008042367,0.005071779,0,0,0.9986134,0,0
0,102,0,0.2334004,0.3023409,0.00728156,0.003740439,0,0.2498709,0.3162074,0.008092323,0.005145979,0,0,0.9988648,0,0
0,105,0,0.235216,0.2984162,0.0073354,0.003800573,0,0.2512302,0.3116542,0.008131524,0.005214144,0,0,0.9990707,0,0
0,108,0,0.2366874,0.294288,0.007379354,0.003856498,0,0.2522469,0.3069078,0.008160548,0.005276449,0,0,0.9992392,0,0
0,111,0,0.2378322,0.2899874,0.007413936,0.003908326,0,0.2529395,0.3019999,0.00817996,0.005333066,0,0,0.9993771,0,0
0,114,0,0.2386676,0.2855427,0.007439651,0.003956167,0,0.2533259,0.2969593,0.008190303,0.005384166,0,0,0.9994901,0,0
0,117,0,0.2392105,0.2809793,0.007456983,0.004000132,0,0.2534235,0.2918122,0.008192103,0.005429914,0,0,0.9995825,0,0
0,120,0,0.239477,0.2763206,0.007466407,0.004040325,0,0.2532489,0.2865823,0.00818587,0.005470476,0,0,0.9996582,0,0
0,123,0,0.2394829,0.2715876,0.007468376,0.004076854,0,0.2528185,0.281291,0.008172093,0.005506015,0,0,0.9997202,0,0
0,126,0,0.2392434,0.2667992,0.007463334,0.004109827,0,0.2521478,0.2759577,0.008151244,0.005536693,0,0,0.9997709,0,0
0,129,0,0.2387734,0.2619729,0.007451705,0.004139347,0,0.2512521,0.2706,0.008123779,0.005562671,0,0,0.9998125,0,0
0,132,0,0.2380869,0.2571242,0.0074339,0.004165521,0,0.2501457,0.2652336,0.008090133,0.00558411,0,0,0.9998465,0,0
0,135,0,0.2371978,0.2522672,0.007410313,0.004188454,0,0.2488429,0.2598727,0.008050727,0.005601167,0,0,0.9998743,0,0
0,138,0,0.2361191,0.2474144,0.007381324,0.00420825,0,0.2473569,0.2545302,0.008005963,0.005614004,0,0,0.9998971,0,0
0,141,0,0.2348637,0.2425773,0.007347299,0.004225014,0,0.2457009,0.2492173,0.007956227,0.005622776,0,0,0.9999158,0,0
0,144,0,0.2334437,0.2377661,0.007308588,0.004238852,0,0.2438873,0.2439444,0.007901892,0.005627642,0,0,0.999931,0,0
0,147,0,0.231871,0.2329898,0.007265528,0.004249868,0,0.241928,0.2387205,0.007843311,0.005628759,0,0,0.9999436,0,0
0,150,0,0.2301569,0.2282566,0.007218441,0.004258166,0,0.2398346,0.2335536,0.007780824,0.005626281,0,0,0.9999537,0,0
0,153,0,0.2283121,0.2235737,0.007167636,0.004263851,0,0.237618,0.2284508,0.007714755,0.005620365,0,0,0.9999622,0,0
0,156,0,0.2263473,0.2189473,0.00711341,0.004267028,0,0.2352889,0.2234184,0.007645417,0.005611163,0,0,0.999969,0,0
0,159,0,0.2242723,0.2143832,0.007056046,0.004267799,0,0.2328575,0.2184618,0.007573104,0.005598829,0,0,0.9999746,0,0
0,162,0,0.2220969,0.2098861,0.006995815,0.004266269,0,0.2303334,0.2135858,0.007498102,0.005583514,0,0,0.9999793,0,0
0,165,0,0.2198301,0.2054604,0.006932976,0.00426254,0,0.2277259,0.2087943,0.00742068,0.005565369,0,0,0.999983,0,0
0,168,0,0.2174809,0.2011096,0.006867777,0.004256713,0,0.225044,0.2040908,0.007341096,0.005544542,0,0,0.9999861,0,0
0,171,0,0.2150577,0.1968369,0.006800453,0.004248892,0,0.2222961,0.1994781,0.007259596,0.005521181,0,0,0.9999886,0,0
0,174,0,0.2125685,0.1926448,0.006731231,0.004239175,0,0.2194904,0.1949587,0.007176414,0.00549543,0,0,0.9999906,0,0
0,177,0,0.2100211,0.1885356,0.006660324,0.004227664,0,0.2166348,0.1905345,0.007091773,0.005467434,0,0,0.9999924,0,0
0,180,0,0.2074229,0.184511,0.006587937,0.004214456,0,0.2137364,0.1862068,0.007005884,0.005437333,0,0,0.9999937,0,0
0,183,0,0.2047808,0.1805722,0.006514265,0.004199648,0,0.2108026,0.1819767,0.006918949,0.005405265,0,0,0.9999949,0,0
0,186,0,0.2021017,0.1767204,0.006439494,0.004183336,0,0.2078399,0.1778451,0.006831157,0.005371367,0,0,0.9999958,0,0
0,189,0,0.199392,0.1729562,0.006363797,0.004165614,0,0.2048547,0.1738122,0.006742692,0.005335772,0,0,0.9999965,0,0
0,192,0,0.1966576,0.16928,0.006287344,0.004146576,0,0.2018531,0.1698783,0.006653721,0.005298613,0,0,0.9999972,0,0
0,195,0,0.1939044,0.165692,0.006210292,0.004126311,0,0.1988409,0.1660431,0.006564413,0.005260014,0,0,0.9999977,0,0
0,198,0,0.1911379,0.1621921,0.00613279,0.00410491,0,0.1958235,0.1623062,0.006474905,0.005220104,0,0,0.9999981,0,0
0,201,0,0.1883633,0.1587799,0.006054983,0.004082459,0,0.1928061,0.1586671,0.006385378,0.005178999,0,0,0.9999985,0,0
0,204,0,0.1855855,0.1554551,0.005976988,0.004059045,0,0.1897933,0.155125,0.006295847,0.00513683,0,0,0.9999987,0,0
0,207,0,0.1828091,0.1522168,0.005898915,0.004034751,0,0.18679,0.1516788,0.006206538,0.0050937,0,0,0.999999,0,0
0,210,0,0.1800385,0.1490644,0.005820917,0.004009656,0,0.1838002,0.1483275,0.006117672,0.005049716,0,0,0.9999992,0,0
0,213,0,0.1772778,0.1459967,0.005743143,0.003983836,0,0.180828,0.1450698,0.006029225,0.005004996,0,0,0.9999993,0,0
0,216,0,0.1745308,0.1430129,0.005665577,0.003957374,0,0.1778772,0.1419043,0.005941008,0.004959662,0,0,0.9999994,0,0
0,219,0,0.1718012,0.1401116,0.005588388,0.003930341,0,0.1749512,0.1388295,0.005853969,0.00491375,0,0,0.9999995,0,0
0,222,0,0.1690923,0.1372915,0.005511886,0.003902792,0,0.1720533,0.1358439,0.005767955,0.004867382,0,0,0.9999996,0,0
0,225,0,0.1664073,0.1345514,0.005435985,0.003874804,0,0.1691864,0.1329457,0.005682009,0.004820716,0,0,0.9999997,0,0
0,228,0,0.1637489,0.1318897,0.005360469,0.003846465,0,0.1663532,0.1301332,0.005596871,0.004773791,0,0,0.9999998,0,0
0,231,0,0.1611199,0.1293049,0.005285671,0.003817826,0,0.1635562,0.1274047,0.005513545,0.004726639,0,0,0.9999998,0,0
0,234,0,0.1585226,0.1267955,0.005211835,0.003788929,0,0.1607978,0.1247584,0.005430789,0.00467943,0,0,0.9999998,0,0
0,237,0,0.1559594,0.1243599,0.005138829,0.003759846,0,0.15808,0.1221923,0.005349066,0.004632191,0,0,0.9999999,0,0
0,240,0,0.1534322,0.1219965,0.005066674,0.003730635,0,0.1554045,0.1197046,0.005268699,0.004584996,0,0,0.9999999,0,0
0,243,0.0001139172,0.1509428,0.1197035,0.004995496,0.003701343,0.0008622357,0.1527731,0.1172932,0.005189454,0.004537927,0.1008788,0,0.9999999,0,0
0,246,0.001509601,0.1484928,0.1174793,0.004925317,0.003672023,0.005208803,0.1501872,0.1149565,0.005111454,0.004491042,0.2432331,0,0.9999999,0,0
0,249,0.004675401,0.1460838,0.1153222,0.004856179,0.003642719,0.01161128,0.1476479,0.1126922,0.005034738,0.004444401,0.3795991,0,0.9999999,0,0
0,252,0.008941994,0.1437168,0.1132305,0.00478812,0.003613478,0.01851651,0.1451564,0.1104986,0.00495934,0.00439806,0.4961164,0,0.9999999,0,0
0,255,0.01357449,0.1413931,0.1112025,0.004721177,0.003584339,0.02500942,0.1427136,0.1083737,0.004885289,0.00435207,0.5912508,0,0.9999999,0,0
0,258,0.0180788,0.1391134,0.1092364,0.004655377,0.003555342,0.03069091,0.1403202,0.1063155,0.004812609,0.004306482,0.668069,0,0.9999999,0,0
0,261,0.02220554,0.1368787,0.1073306,0.004590745,0.003526522,0.03546796,0.1379766,0.1043222,0.004741321,0.004261339,0.7300888,0,1,0,0
0,264,0.02586498,0.1346893,0.1054833,0.004527304,0.003497914,0.03938604,0.1356834,0.1023918,0.004671441,0.004216682,0.7802559,0,1,0,0
0,267,0.02905014,0.1325459,0.1036929,0.00446507,0.003469548,0.04254065,0.1334408,0.1005225,0.00460298,0.004172549,0.8209177,0,1,0,0
0,270,0.03179076,0.1304488,0.1019578,0.004404056,0.003441452,0.04503799,0.131249,0.09871232,0.004535947,0.004128973,0.8539327,0,1,0,0
0,273,0.03412969,0.1283981,0.1002762,0.004344273,0.003413654,0.04697864,0.1291079,0.09695955,0.004470346,0.004085986,0.8807789,0,1,0,0
0,276,0.03611188,0.1263939,0.09864651,0.004285729,0.003386176,0.0484517,0.1270174,0.09526234,0.004406179,0.004043615,0.9026358,0,1,0,0
0,279,0.0377797,0.1244361,0.09706721,0.004228427,0.00335904,0.04953356,0.1249773,0.09361895,0.004343445,0.004001885,0.9204487,0,1,0,0
0,282,0.03917126,0.1225247,0.09553669,0.004172368,0.003332267,0.05028863,0.1229873,0.09202763,0.004282139,0.003960816,0.934978,0,1,0,0
0,285,0.04032007,0.1206594,0.0940534,0.004117551,0.003305872,0.05077079,0.121047,0.09048668,0.004222254,0.003920428,0.9468371,0,1,0,0
0,288,0.04125537,0.1188398,0.09261585,0.004063971,0.003279872,0.05102499,0.1191559,0.08899444,0.004163781,0.003880735,0.9565222,0,1,0,0
0,291,0.04200255,0.1170655,0.09122254,0.004011624,0.003254279,0.05108871,0.1173134,0.0875493,0.004106707,0.003841751,0.9644355,0,1,0,0
0,294,0.04258374,0.1153361,0.08987203,0.003960499,0.003229105,0.05099325,0.1155188,0.08614966,0.004051019,0.003803487,0.9709037,0,1,0,0
0,297,0.04301822,0.113651,0.08856291,0.003910586,0.00320436,0.05076476,0.1137714,0.08479398,0.003996701,0.003765952,0.9761921,0,1,0,0
0,300,0.04332287,0.1120096,0.0872938,0.003861874,0.003180053,0.05042524,0.1120705,0.08348075,0.003943734,0.00372915,0.9805171,0,1,0,0
0,303,0.04351255,0.1104112,0.08606333,0.003814347,0.003156188,0.04999318,0.1104153,0.08220851,0.0038921,0.003693087,0.9840548,0,1,0,0
0,306,0.04360036,0.108855,0.08487023,0.003767991,0.003132773,0.04948422,0.1088049,0.08097584,0.003841778,0.003657765,0.9869491,0,1,0,0
0,309,0.04359791,0.1073404,0.0837132,0.003722789,0.003109809,0.04891161,0.1072383,0.07978135,0.003792745,0.003623183,0.9893173,0,1,0,0
0,312,0.04351551,0.1058665,0.082591,0.003678722,0.0030873,0.04828659,0.1057147,0.07862371,0.003744979,0.00358934,0.9912553,0,1,0,0
0,315,0.04336237,0.1044324,0.08150244,0.003635771,0.003065247,0.04761878,0.1042332,0.07750161,0.003698456,0.003556234,0.9928414,0,1,0,0
0,318,0.04314671,0.1030373,0.08044633,0.003593917,0.003043649,0.04691637,0.1027927,0.07641379,0.00365315,0.003523861,0.9941396,0,1,0,0
0,321,0.0428759,0.1016804,0.07942156,0.003553136,0.003022507,0.04618638,0.1013922,0.07535902,0.003609036,0.003492214,0.9952021,0,1,0,0
0,324,0.04255656,0.1003607,0.07842703,0.00351341,0.003001817,0.04543487,0.1000308,0.07433613,0.003566088,0.003461288,0.9960719,0,1,0,0
0,327,0.04219465,0.09907732,0.07746166,0.003474714,0.002981577,0.04466701,0.09870736,0.07334398,0.003524279,0.003431073,0.9967839,0,1,0,0
0,330,0.04179553,0.09782932,0.07652443,0.003437026,0.002961784,0.04388729,0.09742099,0.07238145,0.003483583,0.003401562,0.9973668,0,1,0,0
0,333,0.04136404,0.09661579,0.07561435,0.003400324,0.002942433,0.04309957,0.09617062,0.07144748,0.003443971,0.003372744,0.997844,0,1,0,0
0,336,0.04090455,0.09543579,0.07473044,0.003364582,0.002923518,0.04230719,0.09495525,0.07054105,0.003405416,0.00334461,0.9982346,0,1,0,0
0,339,0.04042101,0.0942884,0.07387178,0.003329778,0.002905036,0.04151303,0.09377387,0.06966115,0.003367892,0.003317149,0.9985545,0,1,0,0
0,342,0.03991698,0.09317269,0.07303748,0.003295888,0.002886979,0.04071958,0.09262549,0.06880681,0.00333137,0.003290348,0.9988164,0,1,0,0
0,345,0.03939569,0.09208775,0.07222666,0.003262889,0.002869341,0.03992899,0.09150912,0.06797714,0.003295823,0.003264195,0.9990308,0,1,0,0
0,348,0.03886005,0.09103266,0.07143848,0.003230755,0.002852115,0.03914311,0.09042378,0.06717121,0.003261224,0.003238679,0.9992063,0,1,0,0
0,351,0.03831269,0.09000653,0.07067213,0.003199464,0.002835294,0.03836355,0.08936851,0.06638818,0.003227547,0.003213786,0.9993501,0,1,0,0
0,354,0.03775599,0.08900848,0.06992685,0.003168992,0.00281887,0.03759166,0.0883424,0.06562722,0.003194764,0.003189503,0.9994677,0,1,0,0
0,357,0.0371921,0.08803762,0.06920187,0.003139316,0.002802836,0.03682863,0.08734448,0.06488753,0.003162849,0.003165817,0.9995641,0,1,0,0
0,360,0.03662296,0.08709311,0.06849647,0.003110412,0.002787183,0.03607545,0.08637388,0.06416834,0.003131776,0.003142714,0.999643,0,1,0,0
0,363,0.03605029,0.08617412,0.06780996,0.003082257,0.002771904,0.03533296,0.08542971,0.06346891,0.00310152,0.00312018,0.9997076,0,1,0,0
0,366,0.03547567,0.0852798,0.06714166,0.00305483,0.00275699,0.03460187,0.08451108,0.06278854,0.003072056,0.003098202,0.9997606,0,1,0,0
0,369,0.03490051,0.08440937,0.06649093,0.003028109,0.002742433,0.03388279,0.08361717,0.06212653,0.003043358,0.003076767,0.9998039,0,1,0,0
0,372,0.03432607,0.08356204,0.06585713,0.00300207,0.002728225,0.03317618,0.08274715,0.06148223,0.003015404,0.00305586,0.9998394,0,1,0,0
0,375,0.03375346,0.08273704,0.06523968,0.002976694,0.002714357,0.03248243,0.08190023,0.06085501,0.002988169,0.003035468,0.9998684,0,1,0,0
0,378,0.03318369,0.08193364,0.064638,0.002951959,0.002700821,0.03180186,0.08107562,0.06024425,0.002961631,0.003015578,0.9998922,0,1,0,0
0,381,0.03261767,0.0811511,0.06405153,0.002927845,0.002687608,0.03113468,0.08027257,0.05964937,0.002935767,0.002996175,0.9999117,0,1,0,0
0,384,0.03205616,0.08038873,0.06347973,0.002904333,0.00267471,0.03048108,0.07949036,0.05906981,0.002910555,0.002977248,0.9999276,0,1,0,0
0,387,0.03149989,0.07964584,0.0629221,0.002881402,0.002662119,0.02984116,0.07872825,0.05850503,0.002885974,0.002958782,0.9999408,0,1,0,0
0,390,0.03094945,0.07892177,0.06237813,0.002859033,0.002649826,0.02921497,0.07798558,0.05795451,0.002862003,0.002940765,0.9999514,0,1,0,0
0,393,0.03040538,0.07821589,0.06184736,0.002837209,0.002637824,0.02860254,0.07726168,0.05741774,0.002838622,0.002923185,0.9999602,0,1,0,0
0,396,0.02986814,0.07752757,0.06132932,0.002815912,0.002626105,0.02800382,0.0765559,0.05689424,0.002815811,0.002906029,0.9999674,0,1,0,0
0,399,0.02933814,0.0768562,0.06082357,0.002795124,0.00261466,0.02741876,0.07586762,0.05638356,0.002793552,0.002889284,0.9999732,0,1,0,0
0,402,0.02881571,0.07620122,0.06032969,0.002774827,0.002603482,0.02684726,0.07519624,0.05588525,0.002771827,0.002872939,0.9999781,0,1,0,0
0,405,0.02830114,0.07556204,0.05984728,0.002755007,0.002592563,0.0262892,0.07454118,0.05539888,0.002750617,0.002856982,0.9999821,0,1,0,0
0,408,0.02779467,0.07493816,0.05937595,0.002735647,0.002581897,0.02574443,0.07390188,0.05492404,0.002729904,0.002841402,0.9999853,0,1,0,0
0,411,0.02729649,0.07432901,0.0589153,0.002716731,0.002571475,0.02521279,0.07327781,0.05446035,0.002709673,0.002826187,0.9999879,0,1,0,0
0,414,0.02680676,0.07373413,0.058465,0.002698244,0.00256129,0.02469409,0.07266843,0.05400741,0.002689908,0.002811326,0.9999901,0,1,0,0
0,417,0.0263256,0.073153,0.05802467,0.002680173,0.002551336,0.02418814,0.07207326,0.05356486,0.002670592,0.00279681,0.9999919,0,1,0,0
0,420,0.02585308,0.07258516,0.05759401,0.002662503,0.002541605,0.02369471,0.07149179,0.05313236,0.002651711,0.002782627,0.9999933,0,1,0,0
0,423,0.02538926,0.07203016,0.05717267,0.002645221,0.002532091,0.02321359,0.07092358,0.05270956,0.00263325,0.002768767,0.9999945,0,1,0,0
0,426,0.02493418,0.07148758,0.05676035,0.002628314,0.002522788,0.02274455,0.07036817,0.05229615,0.002615194,0.002755221,0.9999955,0,1,0,0
0,429,0.02448783,0.07095698,0.05635675,0.002611769,0.002513689,0.02228733,0.06982514,0.05189181,0.002597532,0.002741978,0.9999963,0,1,0,0
0,432,0.0240502,0.07043796,0.05596158,0.002595574,0.002504787,0.02184171,0.06929404,0.05149624,0.002580248,0.002729031,0.999997,0,1,0,0
0,435,0.02362125,0.06993013,0.05557458,0.002579718,0.002496077,0.02140742,0.06877451,0.05110915,0.002563331,0.002716369,0.9999975,0,1,0,0
0,438,0.02320093,0.06943312,0.05519547,0.002564189,0.002487554,0.02098421,0.06826615,0.05073027,0.002546769,0.002703984,0.999998,0,1,0,0
0,441,0.02278917,0.06894658,0.05482399,0.002548976,0.00247921,0.02057182,0.06776859,0.05035933,0.00253055,0.002691867,0.9999983,0,1,0,0
0,444,0.02238589,0.06847014,0.05445991,0.002534069,0.002471041,0.02017,0.06728147,0.04999607,0.002514662,0.00268001,0.9999986,0,1,0,0
0,447,0.02199099,0.06800348,0.05410298,0.002519457,0.002463041,0.01977849,0.06680445,0.04964025,0.002499096,0.002668405,0.9999989,0,1,0,0
0,450,0.02160437,0.06754629,0.05375298,0.002505132,0.002455206,0.01939703,0.06633721,0.04929163,0.002483839,0.002657044,0.999999,0,1,0,0
0,453,0.02122591,0.06709825,0.0534097,0.002491083,0.002447529,0.01902537,0.06587941,0.04894998,0.002468882,0.00264592,0.9999992,0,1,0,0
0,456,0.02085551,0.06665905,0.0530729,0.002477302,0.002440006,0.01866324,0.06543077,0.04861507,0.002454217,0.002635024,0.9999993,0,1,0,0
0,459,0.02049301,0.06622843,0.0527424,0.00246378,0.002432632,0.0183104,0.06499097,0.04828671,0.002439832,0.002624351,0.9999995,0,1,0,0
0,462,0.02013831,0.0658061,0.052418,0.002450508,0.002425402,0.01796659,0.06455977,0.04796467,0.002425719,0.002613893,0.9999996,0,1,0,0
0,465,0.01979125,0.0653918,0.05209951,0.002437479,0.002418312,0.01763158,0.06413686,0.04764878,0.00241187,0.002603643,0.9999996,0,1,0,0
0,468,0.01945169,0.06498528,0.05178674,0.002424685,0.002411358,0.01730511,0.06372198,0.04733883,0.002398276,0.002593596,0.9999997,0,1,0,0
0,471,0.0191195,0.06458628,0.05147953,0.002412118,0.002404534,0.01698694,0.06331491,0.04703465,0.002384929,0.002583744,0.9999998,0,1,0,0
0,474,0.01879451,0.06419459,0.0511777,0.002399772,0.002397838,0.01667684,0.06291538,0.04673605,0.002371822,0.002574081,0.9999998,0,1,0,0
0,477,0.01847659,0.06380997,0.0508811,0.002387638,0.002391264,0.01637459,0.06252317,0.04644288,0.002358947,0.002564603,0.9999998,0,1,0,0
0,480,0.01816559,0.06343219,0.05058955,0.002375712,0.00238481,0.01607994,0.06213806,0.04615497,0.002346297,0.002555301,0.9999999,0,1,0,0
0,483,0.01786135,0.06306107,0.05030292,0.002363986,0.00237847,0.01579269,0.06175982,0.04587215,0.002333865,0.002546173,0.9999999,0,1,0,0
0,486,0.01756372,0.06269639,0.05002106,0.002352455,0.002372243,0.01551261,0.06138825,0.04559428,0.002321645,0.002537211,0.9999999,0,1,0,0
0,489,0.01727256,0.06233796,0.04974383,0.002341112,0.002366123,0.01523949,0.06102316,0.04532121,0.00230963,0.002528412,0.9999999,0,1,0,0
0,492,0.01698771,0.06198559,0.04947108,0.002329952,0.002360107,0.01497312,0.06066434,0.04505281,0.002297814,0.002519769,0.9999999,0,1,0,0
0,495,0.01670903,0.0616391,0.0492027,0.002318969,0.002354193,0.01471331,0.06031163,0.04478893,0.002286191,0.002511278,0.9999999,0,1,0,0
0,498,0.01643636,0.06129833,0.04893855,0.002308158,0.002348376,0.01445986,0.05996482,0.04452944,0.002274756,0.002502934,0.9999999,0,1,0,0
0,501,0.01616957,0.0609631,0.04867852,0.002297515,0.002342654,0.01421257,0.05962377,0.04427421,0.002263503,0.002494732,0.9999999,0,1,0,0
0,504,0.01590851,0.06063325,0.04842248,0.002287033,0.002337024,0.01397126,0.0592883,0.04402314,0.002252427,0.002486669,0.9999999,0,1,0,0
0,507,0.01565303,0.06030864,0.04817032,0.00227671,0.002331483,0.01373574,0.05895825,0.04377608,0.002241523,0.00247874,1,0,1,0,0
0,510,0.015403,0.0599891,0.04792194,0.002266539,0.002326027,0.01350584,0.05863347,0.04353295,0.002230786,0.002470941,1,0,1,0,0
0,513,0.01515828,0.0596745,0.04767722,0.002256518,0.002320654,0.01328139,0.0583138,0.04329361,0.002220212,0.002463267,1,0,1,0,0
0,516,0.01491874,0.05936471,0.04743607,0.002246641,0.002315362,0.01306223,0.05799912,0.04305797,0.002209796,0.002455715,1,0,1,0,0
0,519,0.01468424,0.05905958,0.04719839,0.002236904,0.002310148,0.01284818,0.05768928,0.04282592,0.002199532,0.002448281,1,0,1,0,0
0,522,0.01445465,0.05875898,0.04696408,0.002227304,0.002305008,0.0126391,0.05738415,0.04259736,0.002189416,0.002440962,1,0,1,0,0
0,525,0.01422984,0.0584628,0.04673304,0.002217838,0.002299942,0.01243484,0.0570836,0.04237221,0.002179449,0.002433754,1,0,1,0,0
0,528,0.0140097,0.05817092,0.0465052,0.002208502,0.002294946,0.01223524,0.05678751,0.04215036,0.002169627,0.002426653,1,0,1,0,0
0,531,0.0137941,0.05788322,0.04628046,0.002199291,0.002290018,0.01204016,0.05649576,0.04193174,0.002159938,0.002419656,1,0,1,0,0
0,534,0.01358291,0.05759959,0.04605875,0.002190202,0.002285156,0.01184947,0.05620823,0.04171624,0.002150375,0.002412761,1,0,1,0,0
0,537,0.01337604,0.05731992,0.04583998,0.002181232,0.002280358,0.01166304,0.05592482,0.04150379,0.002140944,0.002405965,1,0,1,0,0
0,540,0.01317335,0.05704411,0.04562407,0.002172382,0.002275621,0.01148072,0.05564542,0.0412943,0.002131655,0.002399262,1,0,1,0,0
0,543,0.01297474,0.05677206,0.04541095,0.002163648,0.002270944,0.0113024,0.05536992,0.04108771,0.002122504,0.00239265,1,0,1,0,0
0,546,0.01278011,0.05650367,0.04520055,0.002155019,0.002266325,0.01112797,0.05509822,0.04088393,0.002113446,0.002386129,1,0,1,0,0
0,549,0.01258936,0.05623885,0.0449928,0.002146487,0.002261763,0.0109573,0.05483023,0.04068289,0.002104458,0.0023797,1,0,1,0,0
0,552,0.01240236,0.05597751,0.04478763,0.002138071,0.002257254,0.01079028,0.05456586,0.04048452,0.002095629,0.002373351,1,0,1,0,0
0,555,0.01221904,0.05571957,0.04458497,0.002129773,0.002252797,0.01062679,0.05430502,0.04028875,0.002086996,0.002367076,1,0,1,0,0
0,558,0.01203929,0.05546493,0.04438476,0.002121597,0.002248389,0.01046672,0.05404761,0.04009552,0.002078527,0.002360877,1,0,1,0,0
0,561,0.01186301,0.05521352,0.04418695,0.002113521,0.00224403,0.01031001,0.05379356,0.03990476,0.002070001,0.002354769,1,0,1,0,0
0,564,0.01169013,0.05496526,0.04399146,0.0021055,0.002239721,0.01015655,0.05354277,0.03971642,0.0020615,0.002348738,1,0,1,0,0
0,567,0.01152056,0.05472007,0.04379825,0.002097529,0.002235461,0.01000622,0.05329518,0.03953042,0.002053241,0.002342771,1,0,1,0,0
0,570,0.0113542,0.05447789,0.04360725,0.002089687,0.002231243,0.009858928,0.05305072,0.03934672,0.002045046,0.002336878,1,0,1,0,0
0,573,0.01119097,0.05423863,0.04341842,0.002081941,0.002227067,0.00971461,0.05280929,0.03916526,0.002036916,0.002331052,1,0,1,0,0
0,576,0.0110308,0.05400224,0.04323171,0.00207426,0.002222936,0.009573165,0.05257084,0.03898598,0.002028955,0.002325291,1,0,1,0,0
0,579,0.01087359,0.05376863,0.04304705,0.00206668,0.002218843,0.009434513,0.0523353,0.03880883,0.002021038,0.002319596,1,0,1,0,0
0,582,0.01071929,0.05353777,0.04286441,0.002059188,0.002214789,0.009298582,0.05210259,0.03863377,0.002013215,0.002313963,1,0,1,0,0
0,585,0.01056781,0.05330956,0.04268374,0.00205177,0.002210774,0.009165288,0.05187266,0.03846073,0.002005496,0.00230839,1,0,1,0,0
0,588,0.01041908,0.05308397,0.04250498,0.002044433,0.002206795,0.009034559,0.05164544,0.03828968,0.00199785,0.002302877,1,0,1,0,0
0,591,0.01027304,0.05286092,0.04232811,0.002037174,0.002202851,0.008906328,0.05142086,0.03812056,0.001990293,0.00229742,1,0,1,0,0
0,594,0.01012962,0.05264037,0.04215306,0.002029992,0.002198942,0.008780525,0.05119888,0.03795334,0.001982822,0.00229202,1,0,1,0,0
0,597,0.00998875,0.05242226,0.04197981,0.002022883,0.002195067,0.00865708,0.05097944,0.03778797,0.00197543,0.002286674,1,0,1,0,0
0,600,0.009850371,0.05220653,0.04180831,0.002015846,0.002191224,0.008535931,0.05076247,0.03762441,0.001968116,0.00228138,1,0,1,0,0
0,603,0.009714422,0.05199313,0.04163853,0.002008878,0.002187413,0.008417017,0.05054793,0.03746261,0.001960878,0.002276138,1,0,1,0,0
0,606,0.009580843,0.05178202,0.04147042,0.002001978,0.002183632,0.00830028,0.05033576,0.03730254,0.001953716,0.002270945,1,0,1,0,0
0,609,0.009449578,0.05157314,0.04130394,0.001995147,0.002179881,0.008185662,0.05012591,0.03714416,0.001946627,0.002265802,1,0,1,0,0
0,612,0.00932057,0.05136645,0.04113908,0.00198838,0.002176159,0.008073107,0.04991834,0.03698744,0.001939611,0.002260705,1,0,1,0,0
0,615,0.009193768,0.0511619,0.04097578,0.001981681,0.002172464,0.007962563,0.049713,0.03683233,0.001932665,0.002255655,1,0,1,0,0
0,618,0.009069118,0.05095945,0.04081402,0.001975043,0.002168796,0.007853976,0.04950983,0.0366788,0.001925789,0.002250649,1,0,1,0,0
0,621,0.00894657,0.05075906,0.04065376,0.001968469,0.002165155,0.007747299,0.04930881,0.03652682,0.001918981,0.002245687,1,0,1,0,0
0,624,0.008826076,0.05056068,0.04049497,0.001961955,0.002161539,0.007642482,0.04910987,0.03637636,0.001912239,0.002240767,1,0,1,0,0
0,627,0.008707589,0.05036427,0.04033763,0.001955501,0.002157948,0.00753948,0.04891299,0.03622738,0.001905562,0.002235889,1,0,1,0,0
0,630,0.008591061,0.0501698,0.0401817,0.001949106,0.002154381,0.007438248,0.04871812,0.03607986,0.001898949,0.002231051,1,0,1,0,0
0,633,0.008476452,0.04997723,0.04002715,0.001942767,0.002150838,0.007338743,0.04852522,0.03593376,0.001892398,0.002226252,1,0,1,0,0
0,636,0.008363715,0.04978652,0.03987397,0.001936484,0.002147317,0.007240924,0.04833425,0.03578906,0.001885909,0.002221492,1,0,1,0,0
0,639,0.008252811,0.04959762,0.03972211,0.001930256,0.002143818,0.007144749,0.04814517,0.03564572,0.001879479,0.002216769,1,0,1,0,0
0,642,0.008143698,0.04941052,0.03957155,0.001924082,0.00214034,0.00705018,0.04795796,0.03550373,0.001873108,0.002212083,1,0,1,0,0
0,645,0.008036338,0.04922517,0.03942228,0.00191796,0.002136884,0.006957179,0.04777256,0.03536304,0.001866795,0.002207431,1,0,1,0,0
0,648,0.007930692,0.04904155,0.03927426,0.00191189,0.002133447,0.006865711,0.04758896,0.03522365,0.001860538,0.002202815,1,0,1,0,0
0,651,0.007826724,0.04885961,0.03912747,0.001905871,0.002130031,0.006775739,0.04740711,0.03508552,0.001854337,0.002198233,1,0,1,0,0
0,654,0.007724398,0.04867933,0.03898189,0.001899902,0.002126633,0.00668723,0.04722698,0.03494862,0.00184819,0.002193683,1,0,1,0,0
0,657,0.00762368,0.04850068,0.0388375,0.001893982,0.002123254,0.006600151,0.04704854,0.03481295,0.001842096,0.002189166,1,0,1,0,0
0,660,0.007524535,0.04832364,0.03869427,0.001888109,0.002119893,0.00651447,0.04687176,0.03467847,0.001836055,0.002184681,1,0,1,0,0
0,663,0.007426932,0.04814816,0.03855218,0.001882284,0.00211655,0.006430156,0.04669661,0.03454515,0.001830066,0.002180226,1,0,1,0,0
0,666,0.007330838,0.04797422,0.03841121,0.001876505,0.002113225,0.00634718,0.04652307,0.03441299,0.001824127,0.002175801,1,0,1,0,0
0,669,0.007236224,0.04780179,0.03827135,0.001870772,0.002109916,0.006265512,0.04635109,0.03428195,0.001818237,0.002171406,1,0,1,0,0
0,672,0.007143058,0.04763086,0.03813256,0.001865083,0.002106623,0.006185125,0.04618066,0.03415203,0.001812396,0.002167039,1,0,1,0,0
0,675,0.007051313,0.04746139,0.03799485,0.001859437,0.002103346,0.006105991,0.04601175,0.03402319,0.001806603,0.002162701,1,0,1,0,0
0,678,0.00696096,0.04729336,0.03785818,0.001853835,0.002100085,0.006028084,0.04584433,0.03389542,0.001800857,0.00215839,1,0,1,0,0
0,681,0.006871971,0.04712674,0.03772253,0.001848276,0.002096839,0.005951379,0.04567837,0.0337687,0.001795158,0.002154106,1,0,1,0,0
0,684,0.006784321,0.04696151,0.0375879,0.001842758,0.002093608,0.005875851,0.04551386,0.03364302,0.001789503,0.002149848,1,0,1,0,0
0,687,0.006697983,0.04679764,0.03745426,0.00183728,0.002090391,0.005801476,0.04535076,0.03351835,0.001783894,0.002145616,1,0,1,0,0
0,690,0.006612932,0.04663512,0.0373216,0.001831844,0.002087188,0.005728231,0.04518906,0.03339468,0.001778328,0.00214141,1,0,1,0,0
0,693,0.006529144,0.04647393,0.03718991,0.001826446,0.002083999,0.005656094,0.04502872,0.03327198,0.001772806,0.002137227,1,0,1,0,0
0,696,0.006446594,0.04631403,0.03705916,0.001821088,0.002080823,0.005585041,0.04486974,0.03315026,0.001767326,0.00213307,1,0,1,0,0
0,699,0.006365261,0.04615541,0.03692934,0.001815768,0.00207766,0.005515054,0.04471208,0.03302948,0.001761887,0.002128936,1,0,1,0,0
0,702,0.006285121,0.04599806,0.03680044,0.001810485,0.002074511,0.005446109,0.04455572,0.03290964,0.00175649,0.002124825,1,0,1,0,0
0,705,0.006206153,0.04584194,0.03667244,0.00180524,0.002071373,0.005378189,0.04440065,0.03279072,0.001751134,0.002120737,1,0,1,0,0
0,708,0.006128334,0.04568704,0.03654533,0.001800031,0.002068248,0.005311272,0.04424684,0.0326727,0.001745817,0.002116671,1,0,1,0,0
0,711,0.006051646,0.04553334,0.0364191,0.001794858,0.002065135,0.00524534,0.04409428,0.03255557,0.001740539,0.002112627,1,0,1,0,0
0,714,0.005976066,0.04538082,0.03629373,0.00178972,0.002062033,0.005180375,0.04394294,0.03243932,0.0017353,0.002108605,1,0,1,0,0
0,717,0.005901575,0.04522947,0.03616921,0.001784618,0.002058943,0.005116358,0.0437928,0.03232393,0.001730099,0.002104603,1,0,1,0,0
0,720,0.005828155,0.04507927,0.03604553,0.00177955,0.002055865,0.005053272,0.04364385,0.03220939,0.001724935,0.002100623,1,0,1,0,0
0,723,0.005755786,0.04493019,0.03592267,0.001774515,0.002052797,0.004991102,0.04349607,0.03209569,0.001719808,0.002096663,1,0,1,0,0
0,726,0.00568445,0.04478223,0.03580062,0.001769514,0.002049739,0.004929828,0.04334944,0.03198282,0.001714718,0.002092723,1,0,1,0,0
0,729,0.005614129,0.04463537,0.03567939,0.001764546,0.002046693,0.004869436,0.04320394,0.03187076,0.001709663,0.002088802,1,0,1,0,0
0,732,0.005544806,0.04448958,0.03555894,0.00175961,0.002043657,0.00480991,0.04305957,0.0317595,0.001704644,0.0020849,1,0,1,0,0
0,735,0.005476464,0.04434486,0.03543927,0.001754706,0.00204063,0.004751235,0.04291629,0.03164903,0.001699659,0.002081018,1,0,1,0,0
0,738,0.005409085,0.0442012,0.03532037,0.001749833,0.002037614,0.004693396,0.04277409,0.03153933,0.001694709,0.002077154,1,0,1,0,0
0,741,0.005342655,0.04405856,0.03520223,0.001744992,0.002034608,0.004636378,0.04263297,0.03143041,0.001689792,0.002073309,1,0,1,0,0
0,744,0.005277157,0.04391694,0.03508484,0.001740181,0.002031611,0.004580166,0.0424929,0.03132224,0.001684909,0.002069481,1,0,1,0,0
0,747,0.005212576,0.04377633,0.03496819,0.0017354,0.002028623,0.004524747,0.04235386,0.03121482,0.001680058,0.002065671,1,0,1,0,0
0,750,0.005148896,0.04363672,0.03485226,0.001730649,0.002025645,0.004470109,0.04221586,0.03110813,0.00167524,0.002061879,1,0,1,0,0
0,753,0.005086103,0.04349808,0.03473706,0.001725927,0.002022675,0.004416237,0.04207886,0.03100218,0.001670453,0.002058104,1,0,1,0,0
0,756,0.005024182,0.0433604,0.03462257,0.001721235,0.002019715,0.004363118,0.04194286,0.03089693,0.001665699,0.002054345,1,0,1,0,0
0,759,0.004963119,0.04322368,0.03450878,0.001716571,0.002016763,0.00431074,0.04180783,0.0307924,0.001660975,0.002050604,1,0,1,0,0
0,762,0.004902901,0.0430879,0.03439569,0.001711935,0.00201382,0.004259091,0.04167378,0.03068856,0.001656282,0.002046878,1,0,1,0,0
0,765,0.004843513,0.04295304,0.03428328,0.001707327,0.002010886,0.004208159,0.04154069,0.03058541,0.001651619,0.002043169,1,0,1,0,0
0,768,0.004784944,0.04281909,0.03417155,0.001702746,0.002007959,0.004157932,0.04140853,0.03048294,0.001646987,0.002039476,1,0,1,0,0
0,771,0.004727178,0.04268605,0.03406048,0.001698193,0.002005041,0.004108398,0.04127731,0.03038115,0.001642383,0.002035798,1,0,1,0,0
0,774,0.004670205,0.04255391,0.03395008,0.001693667,0.002002131,0.004059547,0.041147,0.03028001,0.001637809,0.002032136,1,0,1,0,0
0,777,0.004614011,0.04242263,0.03384032,0.001689167,0.001999229,0.004011367,0.0410176,0.03017953,0.001633264,0.002028489,1,0,1,0,0
0,780,0.004558586,0.04229223,0.03373122,0.001684693,0.001996335,0.003963848,0.04088909,0.0300797,0.001628747,0.002024857,1,0,1,0,0
0,783,0.004503915,0.04216268,0.03362275,0.001680246,0.001993448,0.003916979,0.04076146,0.02998051,0.001624258,0.002021239,1,0,1,0,0
0,786,0.004449988,0.04203398,0.03351491,0.001675823,0.001990569,0.00387075,0.04063471,0.02988195,0.001619797,0.002017637,1,0,1,0,0
0,789,0.004396793,0.04190611,0.0334077,0.001671426,0.001987698,0.003825151,0.04050881,0.02978401,0.001615363,0.002014049,1,0,1,0,0
0,792,0.00434432,0.04177907,0.0333011,0.001667054,0.001984834,0.003780172,0.04038377,0.02968669,0.001610956,0.002010475,1,0,1,0,0
0,795,0.004292557,0.04165285,0.03319511,0.001662707,0.001981977,0.003735802,0.04025956,0.02958997,0.001606576,0.002006915,1,0,1,0,0
0,798,0.004241493,0.04152743,0.03308973,0.001658384,0.001979127,0.003692034,0.04013618,0.02949386,0.001602222,0.002003369,1,0,1,0,0
0,801,0.004191117,0.0414028,0.03298493,0.001654085,0.001976285,0.003648857,0.04001361,0.02939834,0.001597894,0.001999837,1,0,1,0,0
0,804,0.004141421,0.04127896,0.03288073,0.00164981,0.001973449,0.003606262,0.03989185,0.02930341,0.001593592,0.001996319,1,0,1,0,0
0,807,0.004092392,0.0411559,0.03277712,0.001645558,0.001970621,0.003564241,0.03977089,0.02920907,0.001589316,0.001992814,1,0,1,0,0
0,810,0.004044021,0.0410336,0.03267408,0.00164133,0.001967799,0.003522785,0.03965072,0.0291153,0.001585065,0.001989322,1,0,1,0,0
0,813,0.003996299,0.04091206,0.03257161,0.001637125,0.001964984,0.003481885,0.03953132,0.02902209,0.001580839,0.001985843,1,0,1,0,0
0,816,0.003949216,0.04079127,0.03246971,0.001632942,0.001962177,0.003441533,0.0394127,0.02892945,0.001576637,0.001982377,1,0,1,0,0
0,819,0.003902761,0.04067121,0.03236837,0.001628783,0.001959375,0.00340172,0.03929483,0.02883736,0.00157246,0.001978924,1,0,1,0,0
0,822,0.003856927,0.0405519,0.03226758,0.001624645,0.00195658,0.003362439,0.03917771,0.02874583,0.001568307,0.001975484,1,0,1,0,0
0,825,0.003811704,0.0404333,0.03216734,0.00162053,0.001953792,0.003323682,0.03906133,0.02865484,0.001564177,0.001972056,1,0,1,0,0
0,828,0.003767083,0.04031542,0.03206764,0.001616436,0.00195101,0.00328544,0.03894569,0.02856438,0.001560072,0.001968641,1,0,1,0,0
0,831,0.003723055,0.04019824,0.03196848,0.001612364,0.001948235,0.003247706,0.03883077,0.02847446,0.001555989,0.001965238,1,0,1,0,0
0,834,0.003679611,0.04008177,0.03186985,0.001608314,0.001945466,0.003210474,0.03871657,0.02838507,0.00155193,0.001961847,1,0,1,0,0
0,837,0.003636744,0.03996598,0.03177175,0.001604284,0.001942703,0.003173734,0.03860307,0.0282962,0.001547893,0.001958468,1,0,1,0,0
0,840,0.003594445,0.03985088,0.03167417,0.001600276,0.001939947,0.003137481,0.03849028,0.02820784,0.001543879,0.001955102,1,0,1,0,0
0,843,0.003552704,0.03973645,0.03157711,0.001596288,0.001937196,0.003101706,0.03837818,0.02812,0.001539888,0.001951747,1,0,1,0,0
0,846,0.003511516,0.03962269,0.03148057,0.001592321,0.001934452,0.003066403,0.03826675,0.02803266,0.001535918,0.001948403,1,0,1,0,0
0,849,0.003470871,0.03950959,0.03138452,0.001588374,0.001931714,0.003031566,0.03815601,0.02794582,0.001531971,0.001945072,1,0,1,0,0
0,852,0.003430762,0.03939715,0.03128899,0.001584447,0.001928982,0.002997187,0.03804593,0.02785948,0.001528045,0.001941752,1,0,1,0,0
0,855,0.003391181,0.03928535,0.03119395,0.00158054,0.001926256,0.002963259,0.03793652,0.02777363,0.00152414,0.001938443,1,0,1,0,0
0,858,0.00335212,0.0391742,0.0310994,0.001576653,0.001923536,0.002929777,0.03782776,0.02768826,0.001520257,0.001935146,1,0,1,0,0
0,861,0.003313573,0.03906367,0.03100534,0.001572786,0.001920822,0.002896734,0.03771964,0.02760337,0.001516395,0.00193186,1,0,1,0,0
0,864,0.003275532,0.03895377,0.03091177,0.001568938,0.001918114,0.002864123,0.03761217,0.02751897,0.001512553,0.001928585,1,0,1,0,0
0,867,0.003237988,0.03884449,0.03081867,0.001565109,0.001915411,0.002831938,0.03750532,0.02743503,0.001508732,0.001925321,1,0,1,0,0
0,870,0.003200937,0.03873583,0.03072606,0.001561299,0.001912715,0.002800173,0.03739911,0.02735156,0.001504931,0.001922068,1,0,1,0,0
0,873,0.003164371,0.03862777,0.03063391,0.001557508,0.001910024,0.002768823,0.03729351,0.02726855,0.001501151,0.001918826,1,0,1,0,0
0,876,0.003128283,0.03852031,0.03054224,0.001553735,0.001907339,0.002737882,0.03718852,0.027186,0.001497391,0.001915595,1,0,1,0,0
0,879,0.003092665,0.03841345,0.03045102,0.001549981,0.00190466,0.002707342,0.03708414,0.02710391,0.00149365,0.001912374,1,0,1,0,0
0,882,0.003057512,0.03830717,0.03036027,0.001546246,0.001901986,0.0026772,0.03698036,0.02702226,0.001489929,0.001909164,1,0,1,0,0
0,885,0.003022817,0.03820147,0.03026997,0.001542528,0.001899318,0.002647448,0.03687717,0.02694107,0.001486228,0.001905965,1,0,1,0,0
0,888,0.002988574,0.03809636,0.03018013,0.001538828,0.001896656,0.002618082,0.03677457,0.02686031,0.001482545,0.001902776,1,0,1,0,0
0,891,0.002954776,0.03799181,0.03009073,0.001535146,0.001893999,0.002589097,0.03667255,0.02677999,0.001478882,0.001899598,1,0,1,0,0
0,894,0.002921417,0.03788783,0.03000177,0.001531482,0.001891348,0.002560486,0.03657111,0.0267001,0.001475238,0.00189643,1,0,1,0,0
0,897,0.002888491,0.0377844,0.02991326,0.001527836,0.001888703,0.002532246,0.03647023,0.02662065,0.001471612,0.001893273,1,0,1,0,0
0,900,0.002855992,0.03768153,0.02982518,0.001524206,0.001886063,0.002504369,0.03636992,0.02654162,0.001468005,0.001890125,1,0,1,0,0
0,903,0.002823914,0.03757921,0.02973754,0.001520594,0.001883429,0.002476852,0.03627016,0.02646301,0.001464416,0.001886988,1,0,1,0,0
0,906,0.002792251,0.03747743,0.02965033,0.001516999,0.0018808,0.00244969,0.03617096,0.02638482,0.001460846,0.001883861,1,0,1,0,0
0,909,0.002760998,0.03737618,0.02956354,0.001513421,0.001878177,0.002422876,0.0360723,0.02630704,0.001457293,0.001880744,1,0,1,0,0
0,912,0.002730148,0.03727547,0.02947718,0.001509859,0.001875559,0.002396408,0.03597418,0.02622968,0.001453759,0.001877636,1,0,1,0,0
0,915,0.002699697,0.03717529,0.02939123,0.001506315,0.001872947,0.002370279,0.03587659,0.02615272,0.001450242,0.001874539,1,0,1,0,0
0,918,0.002669638,0.03707562,0.02930571,0.001502786,0.00187034,0.002344486,0.03577954,0.02607617,0.001446742,0.001871452,1,0,1,0,0
0,921,0.002639967,0.03697648,0.02922059,0.001499274,0.001867738,0.002319023,0.03568301,0.02600002,0.00144326,0.001868374,1,0,1,0,0
0,924,0.002610678,0.03687784,0.02913589,0.001495778,0.001865142,0.002293885,0.03558699,0.02592426,0.001439795,0.001865307,1,0,1,0,0
0,927,0.002581765,0.03677972,0.02905159,0.001492298,0.001862552,0.002269069,0.0354915,0.0258489,0.001436347,0.001862249,1,0,1,0,0
0,930,0.002553224,0.03668209,0.02896769,0.001488835,0.001859967,0.002244571,0.03539651,0.02577392,0.001432916,0.001859201,1,0,1,0,0
0,933,0.00252505,0.03658496,0.0288842,0.001485386,0.001857387,0.002220384,0.03530202,0.02569934,0.001429502,0.001856162,1,0,1,0,0
0,936,0.002497237,0.03648832,0.0288011,0.001481954,0.001854813,0.002196506,0.03520804,0.02562514,0.001426105,0.001853133,1,0,1,0,0
0,939,0.00246978,0.03639217,0.0287184,0.001478537,0.001852244,0.002172932,0.03511454,0.02555132,0.001422724,0.001850113,1,0,1,0,0
0,942,0.002442676,0.03629651,0.02863608,0.001475135,0.001849681,0.002149659,0.03502154,0.02547787,0.001419359,0.001847103,1,0,1,0,0
0,945,0.002415918,0.03620132,0.02855416,0.001471749,0.001847123,0.002126681,0.03492902,0.0254048,0.001416011,0.001844102,1,0,1,0,0
0,948,0.002389502,0.03610661,0.02847262,0.001468377,0.00184457,0.002103995,0.03483698,0.0253321,0.001412678,0.001841111,1,0,1,0,0
0,951,0.002363424,0.03601237,0.02839146,0.001465021,0.001842023,0.002081597,0.03474541,0.02525977,0.001409362,0.001838129,1,0,1,0,0
0,954,0.002337679,0.03591859,0.02831068,0.00146168,0.00183948,0.002059482,0.03465432,0.02518781,0.001406061,0.001835157,1,0,1,0,0
0,957,0.002312262,0.03582527,0.02823028,0.001458353,0.001836944,0.002037648,0.03456369,0.0251162,0.001402777,0.001832193,1,0,1,0,0
0,960,0.002287169,0.03573241,0.02815025,0.001455042,0.001834412,0.002016089,0.03447353,0.02504496,0.001399507,0.001829239,1,0,1,0,0
0,963,0.002262396,0.03564001,0.0280706,0.001451744,0.001831886,0.001994804,0.03438382,0.02497407,0.001396253,0.001826294,1,0,1,0,0
0,966,0.002237938,0.03554805,0.02799131,0.001448462,0.001829365,0.001973786,0.03429456,0.02490353,0.001393014,0.001823358,1,0,1,0,0
0,969,0.002213791,0.03545654,0.02791239,0.001445193,0.00182685,0.001953035,0.03420575,0.02483335,0.001389791,0.001820431,1,0,1,0,0
0,972,0.002189951,0.03536547,0.02783383,0.001441939,0.00182434,0.001932544,0.03411739,0.02476351,0.001386582,0.001817514,1,0,1,0,0
0,975,0.002166413,0.03527483,0.02775563,0.001438698,0.001821835,0.001912311,0.03402947,0.02469402,0.001383388,0.001814605,1,0,1,0,0
0,978,0.002143173,0.03518463,0.02767779,0.001435472,0.001819336,0.001892333,0.03394198,0.02462487,0.001380209,0.001811706,1,0,1,0,0
0,981,0.002120228,0.03509486,0.02760031,0.00143226,0.001816842,0.001872606,0.03385493,0.02455606,0.001377045,0.001808815,1,0,1,0,0
0,984,0.002097573,0.03500551,0.02752318,0.001429061,0.001814353,0.001853126,0.0337683,0.02448759,0.001373895,0.001805933,1,0,1,0,0
0,987,0.002075205,0.03491658,0.02744639,0.001425876,0.00181187,0.001833891,0.0336821,0.02441945,0.001370759,0.001803061,1,0,1,0,0
0,990,0.00205312,0.03482807,0.02736996,0.001422704,0.001809391,0.001814897,0.03359632,0.02435164,0.001367638,0.001800197,1,0,1,0,0
0,993,0.002031313,0.03473997,0.02729387,0.001419546,0.001806918,0.00179614,0.03351095,0.02428417,0.001364531,0.001797342,1,0,1,0,0
0,996,0.002009782,0.03465229,0.02721813,0.001416401,0.001804451,0.001777618,0.033426,0.02421702,0.001361438,0.001794495,1,0,1,0,0
0,999,0.001988522,0.03456501,0.02714272,0.00141327,0.001801988,0.001759327,0.03334146,0.02415019,0.001358359,0.001791658,1,0,1,0,0
0,1002,0.00196753,0.03447813,0.02706766,0.001410151,0.001799532,0.001741264,0.03325732,0.02408369,0.001355293,0.001788829,1,0,1,0,0
0,1005,0.001946802,0.03439166,0.02699293,0.001407046,0.00179708,0.001723427,0.03317358,0.0240175,0.001352242,0.001786009,1,0,1,0,0
0,1008,0.001926334,0.03430558,0.02691853,0.001403954,0.001794633,0.001705812,0.03309024,0.02395163,0.001349204,0.001783197,1,0,1,0,0
0,1011,0.001906124,0.03421989,0.02684446,0.001400874,0.001792192,0.001688415,0.03300729,0.02388608,0.001346179,0.001780394,1,0,1,0,0
0,1014,0.001886167,0.03413459,0.02677073,0.001397807,0.001789756,0.001671235,0.03292473,0.02382084,0.001343168,0.0017776,1,0,1,0,0
0,1017,0.00186646,0.03404967,0.02669732,0.001394753,0.001787326,0.001654268,0.03284257,0.02375591,0.00134017,0.001774814,1,0,1,0,0
0,1020,0.001847001,0.03396514,0.02662423,0.001391711,0.0017849,0.001637512,0.03276078,0.02369128,0.001337185,0.001772037,1,0,1,0,0
0,1023,0.001827785,0.03388099,0.02655147,0.001388682,0.00178248,0.001620963,0.03267938,0.02362696,0.001334213,0.001769269,1,0,1,0,0
0,1026,0.001808809,0.03379722,0.02647903,0.001385665,0.001780065,0.001604619,0.03259835,0.02356295,0.001331254,0.001766508,1,0,1,0,0
0,1029,0.00179007,0.03371382,0.02640691,0.00138266,0.001777656,0.001588478,0.03251769,0.02349923,0.001328308,0.001763757,1,0,1,0,0
0,1032,0.001771565,0.03363078,0.0263351,0.001379667,0.001775251,0.001572535,0.03243741,0.02343582,0.001325375,0.001761013,1,0,1,0,0
0,1035,0.001753291,0.03354812,0.0262636,0.001376687,0.001772852,0.001556789,0.03235749,0.02337269,0.001322454,0.001758278,1,0,1,0,0
0,1038,0.001735245,0.03346581,0.02619242,0.001373718,0.001770459,0.001541238,0.03227794,0.02330987,0.001319546,0.001755552,1,0,1,0,0
0,1041,0.001717424,0.03338387,0.02612155,0.001370762,0.00176807,0.001525878,0.03219874,0.02324734,0.00131665,0.001752833,1,0,1,0,0
0,1044,0.001699824,0.03330228,0.02605099,0.001367817,0.001765687,0.001510706,0.03211991,0.02318509,0.001313767,0.001750123,1,0,1,0,0
0,1047,0.001682442,0.03322105,0.02598073,0.001364884,0.001763309,0.001495721,0.03204142,0.02312313,0.001310895,0.001747421,1,0,1,0,0
0,1050,0.001665277,0.03314018,0.02591077,0.001361962,0.001760936,0.00148092,0.03196329,0.02306146,0.001308036,0.001744727,1,0,1,0,0
0,1053,0.001648325,0.03305965,0.02584112,0.001359052,0.001758568,0.001466301,0.03188551,0.02300008,0.001305189,0.001742042,1,0,1,0,0
0,1056,0.001631582,0.03297946,0.02577177,0.001356154,0.001756205,0.001451861,0.03180807,0.02293897,0.001302354,0.001739365,1,0,1,0,0
0,1059,0.001615047,0.03289961,0.02570271,0.001353267,0.001753848,0.001437597,0.03173098,0.02287815,0.001299531,0.001736696,1,0,1,0,0
0,1062,0.001598716,0.03282011,0.02563395,0.001350391,0.001751496,0.001423508,0.03165422,0.0228176,0.001296719,0.001734034,1,0,1,0,0
0,1065,0.001582587,0.03274095,0.02556549,0.001347526,0.001749149,0.00140959,0.0315778,0.02275733,0.001293919,0.001731381,1,0,1,0,0
0,1068,0.001566658,0.03266211,0.02549731,0.001344672,0.001746807,0.001395843,0.03150171,0.02269733,0.001291131,0.001728736,1,0,1,0,0
0,1071,0.001550924,0.03258361,0.02542943,0.00134183,0.001744471,0.001382263,0.03142595,0.0226376,0.001288354,0.001726099,1,0,1,0,0
0,1074,0.001535385,0.03250544,0.02536184,0.001338998,0.001742139,0.001368848,0.03135052,0.02257814,0.001285589,0.00172347,1,0,1,0,0
0,1077,0.001520036,0.0324276,0.02529453,0.001336177,0.001739813,0.001355596,0.03127541,0.02251896,0.001282834,0.001720849,1,0,1,0,0
0,1080,0.001504877,0.03235007,0.02522751,0.001333367,0.001737492,0.001342505,0.03120063,0.02246003,0.001280091,0.001718235,1,0,1,0,0
0,1083,0.001489904,0.03227287,0.02516077,0.001330568,0.001735176,0.001329573,0.03112617,0.02240138,0.00127736,0.00171563,1,0,1,0,0
0,1086,0.001475114,0.03219599,0.02509431,0.001327779,0.001732865,0.001316797,0.03105202,0.02234298,0.001274639,0.001713032,1,0,1,0,0
0,1089,0.001460506,0.03211942,0.02502813,0.001325001,0.001730559,0.001304176,0.03097819,0.02228485,0.001271929,0.001710442,1,0,1,0,0
0,1092,0.001446077,0.03204317,0.02496223,0.001322233,0.001728259,0.001291708,0.03090467,0.02222697,0.00126923,0.00170786,1,0,1,0,0
0,1095,0.001431824,0.03196723,0.0248966,0.001319476,0.001725963,0.00127939,0.03083145,0.02216935,0.001266542,0.001705286,1,0,1,0,0
0,1098,0.001417745,0.03189159,0.02483125,0.001316729,0.001723672,0.001267221,0.03075855,0.02211199,0.001263864,0.001702719,1,0,1,0,0
0,1101,0.001403839,0.03181626,0.02476617,0.001313993,0.001721387,0.001255198,0.03068595,0.02205488,0.001261197,0.00170016,1,0,1,0,0
0,1104,0.001390102,0.03174124,0.02470137,0.001311266,0.001719106,0.00124332,0.03061364,0.02199802,0.001258541,0.001697608,1,0,1,0,0
0,1107,0.001376532,0.03166651,0.02463683,0.00130855,0.001716831,0.001231585,0.03054164,0.02194141,0.001255895,0.001695064,1,0,1,0,0
0,1110,0.001363127,0.03159209,0.02457256,0.001305843,0.001714561,0.00121999,0.03046994,0.02188505,0.001253259,0.001692527,1,0,1,0,0
0,1113,0.001349886,0.03151796,0.02450855,0.001303147,0.001712295,0.001208534,0.03039852,0.02182894,0.001250634,0.001689998,1,0,1,0,0
0,1116,0.001336805,0.03144412,0.02444481,0.00130046,0.001710035,0.001197216,0.0303274,0.02177307,0.001248018,0.001687477,1,0,1,0,0
0,1119,0.001323883,0.03137058,0.02438133,0.001297783,0.001707779,0.001186033,0.03025657,0.02171745,0.001245413,0.001684962,1,0,1,0,0
0,1122,0.001311118,0.03129733,0.02431812,0.001295116,0.001705529,0.001174983,0.03018603,0.02166206,0.001242818,0.001682456,1,0,1,0,0
0,1125,0.001298507,0.03122436,0.02425516,0.001292459,0.001703283,0.001164066,0.03011576,0.02160692,0.001240234,0.001679956,1,0,1,0,0
0,1128,0.001286048,0.03115168,0.02419246,0.001289811,0.001701042,0.001153278,0.03004579,0.02155202,0.001237658,0.001677464,1,0,1,0,0
0,1131,0.00127374,0.03107928,0.02413002,0.001287173,0.001698807,0.001142619,0.02997609,0.02149735,0.001235093,0.001674979,1,0,1,0,0
0,1134,0.001261581,0.03100717,0.02406783,0.001284544,0.001696576,0.001132086,0.02990667,0.02144292,0.001232538,0.001672501,1,0,1,0,0
0,1137,0.001249568,0.03093533,0.02400589,0.001281925,0.00169435,0.001121679,0.02983752,0.02138872,0.001229992,0.001670031,1,0,1,0,0
0,1140,0.001237699,0.03086377,0.02394421,0.001279315,0.001692128,0.001111394,0.02976866,0.02133476,0.001227456,0.001667567,1,0,1,0,0
0,1143,0.001225974,0.03079248,0.02388278,0.001276714,0.001689912,0.001101232,0.02970005,0.02128102,0.001224929,0.001665111,1,0,1,0,0
0,1146,0.001214389,0.03072146,0.02382159,0.001274123,0.001687701,0.00109119,0.02963172,0.02122752,0.001222412,0.001662662,1,0,1,0,0
0,1149,0.001202943,0.03065072,0.02376066,0.00127154,0.001685494,0.001081266,0.02956366,0.02117424,0.001219904,0.00166022,1,0,1,0,0
0,1152,0.001191634,0.03058024,0.02369997,0.001268967,0.001683292,0.001071459,0.02949586,0.02112119,0.001217405,0.001657784,1,0,1,0,0
0,1155,0.001180461,0.03051003,0.02363952,0.001266403,0.001681095,0.001061768,0.02942833,0.02106836,0.001214916,0.001655356,1,0,1,0,0
0,1158,0.001169421,0.03044009,0.02357932,0.001263847,0.001678902,0.001052191,0.02936105,0.02101576,0.001212436,0.001652935,1,0,1,0,0
0,1161,0.001158513,0.0303704,0.02351935,0.001261301,0.001676714,0.001042726,0.02929404,0.02096338,0.001209965,0.00165052,1,0,1,0,0
0,1164,0.001147735,0.03030098,0.02345963,0.001258763,0.001674531,0.001033372,0.02922728,0.02091122,0.001207503,0.001648113,1,0,1,0,0
0,1167,0.001137086,0.03023182,0.02340015,0.001256234,0.001672353,0.001024128,0.02916078,0.02085928,0.001205051,0.001645712,1,0,1,0,0
0,1170,0.001126563,0.03016291,0.0233409,0.001253714,0.001670179,0.001014992,0.02909453,0.02080755,0.001202606,0.001643318,1,0,1,0,0
0,1173,0.001116165,0.03009426,0.02328189,0.001251202,0.00166801,0.001005963,0.02902853,0.02075604,0.001200171,0.001640931,1,0,1,0,0
0,1176,0.001105891,0.03002587,0.02322312,0.001248699,0.001665845,0.0009970389,0.02896278,0.02070475,0.001197745,0.00163855,1,0,1,0,0
0,1179,0.001095738,0.02995772,0.02316457,0.001246205,0.001663686,0.0009882189,0.02889728,0.02065367,0.001195327,0.001636176,1,0,1,0,0
0,1182,0.001085706,0.02988982,0.02310626,0.001243719,0.00166153,0.0009795016,0.02883202,0.0206028,0.001192919,0.001633808,1,0,1,0,0
0,1185,0.001075792,0.02982217,0.02304818,0.001241242,0.001659379,0.0009708854,0.02876701,0.02055215,0.001190518,0.001631448,1,0,1,0,0
0,1188,0.001065995,0.02975477,0.02299033,0.001238772,0.001657233,0.0009623693,0.02870224,0.0205017,0.001188126,0.001629093,1,0,1,0,0
0,1191,0.001056314,0.02968761,0.02293271,0.001236312,0.001655091,0.0009539518,0.02863771,0.02045146,0.001185743,0.001626745,1,0,1,0,0
0,1194,0.001046746,0.0296207,0.02287531,0.001233859,0.001652954,0.0009456316,0.02857341,0.02040143,0.001183368,0.001624404,1,0,1,0,0
0,1197,0.001037292,0.02955402,0.02281814,0.001231414,0.001650821,0.0009374076,0.02850936,0.0203516,0.001181002,0.001622069,1,0,1,0,0
0,1200,0.001027948,0.02948759,0.02276119,0.001228978,0.001648693,0.0009292784,0.02844554,0.02030198,0.001178644,0.00161974,1,0,1,0,0
0,1203,0.001018714,0.02942139,0.02270447,0.00122655,0.001646569,0.0009212429,0.02838195,0.02025256,0.001176294,0.001617418,1,0,1,0,0
0,1206,0.001009588,0.02935543,0.02264797,0.00122413,0.001644449,0.0009132997,0.0283186,0.02020334,0.001173952,0.001615102,1,0,1,0,0
0,1209,0.001000569,0.0292897,0.02259168,0.001221718,0.001642334,0.0009054478,0.02825548,0.02015432,0.001171618,0.001612792,1,0,1,0,0
0,1212,0.0009916549,0.02922421,0.02253562,0.001219313,0.001640223,0.0008976858,0.02819258,0.0201055,0.001169293,0.001610488,1,0,1,0,0
0,1215,0.0009828452,0.02915895,0.02247977,0.001216917,0.001638117,0.0008900127,0.02812991,0.02005688,0.001166975,0.001608191,1,0,1,0,0
0,1218,0.000974138,0.02909391,0.02242414,0.001214528,0.001636015,0.0008824274,0.02806747,0.02000846,0.001164666,0.0016059,1,0,1,0,0
0,1221,0.0009655322,0.02902911,0.02236873,0.001212148,0.001633917,0.0008749286,0.02800525,0.01996023,0.001162364,0.001603614,1,0,1,0,0
0,1224,0.0009570263,0.02896453,0.02231353,0.001209775,0.001631823,0.0008675152,0.02794325,0.01991219,0.001160071,0.001601335,1,0,1,0,0
0,1227,0.0009486192,0.02890018,0.02225854,0.001207409,0.001629734,0.0008601862,0.02788147,0.01986435,0.001157785,0.001599062,1,0,1,0,0
0,1230,0.0009403094,0.02883605,0.02220376,0.001205052,0.001627648,0.0008529405,0.02781991,0.0198167,0.001155506,0.001596795,1,0,1,0,0
0,1233,0.0009320959,0.02877214,0.0221492,0.001202701,0.001625567,0.000845777,0.02775857,0.01976924,0.001153236,0.001594534,1,0,1,0,0
0,1236,0.0009239772,0.02870846,0.02209484,0.001200359,0.001623491,0.0008386946,0.02769745,0.01972197,0.001150973,0.001592278,1,0,1,0,0
0,1239,0.0009159521,0.02864499,0.02204069,0.001198024,0.001621418,0.0008316922,0.02763654,0.01967489,0.001148718,0.001590029,1,0,1,0,0
0,1242,0.0009080195,0.02858174,0.02198675,0.001195696,0.001619349,0.000824769,0.02757584,0.019628,0.00114647,0.001587785,1,0,1,0,0
0,1245,0.0009001782,0.02851871,0.02193302,0.001193376,0.001617285,0.0008179237,0.02751536,0.01958129,0.00114423,0.001585547,1,0,1,0,0
0,1248,0.0008924269,0.02845589,0.02187948,0.001191063,0.001615225,0.0008111554,0.02745508,0.01953476,0.001141998,0.001583315,1,0,1,0,0
0,1251,0.0008847646,0.02839329,0.02182616,0.001188757,0.001613169,0.0008044632,0.02739502,0.01948842,0.001139772,0.001581089,1,0,1,0,0
0,1254,0.00087719,0.0283309,0.02177303,0.001186459,0.001611116,0.0007978461,0.02733516,0.01944227,0.001137554,0.001578868,1,0,1,0,0
0,1257,0.000869702,0.02826872,0.02172011,0.001184168,0.001609068,0.000791303,0.02727551,0.01939629,0.001135344,0.001576653,1,0,1,0,0
0,1260,0.0008622995,0.02820675,0.02166739,0.001181884,0.001607024,0.0007848331,0.02721606,0.0193505,0.00113314,0.001574444,1,0,1,0,0
0,1263,0.0008549814,0.02814499,0.02161486,0.001179607,0.001604984,0.0007784354,0.02715682,0.01930488,0.001130944,0.00157224,1,0,1,0,0
0,1266,0.0008477466,0.02808344,0.02156254,0.001177338,0.001602948,0.000772109,0.02709778,0.01925945,0.001128755,0.001570042,1,0,1,0,0
0,1269,0.0008405941,0.02802209,0.02151041,0.001175075,0.001600915,0.0007658529,0.02703894,0.01921419,0.001126573,0.001567849,1,0,1,0,0
0,1272,0.0008335226,0.02796095,0.02145847,0.001172819,0.001598887,0.0007596663,0.02698029,0.0191691,0.001124399,0.001565662,1,0,1,0,0
0,1275,0.0008265314,0.02790001,0.02140674,0.001170571,0.001596863,0.0007535482,0.02692185,0.0191242,0.001122231,0.00156348,1,0,1,0,0
0,1278,0.0008196192,0.02783927,0.02135519,0.001168329,0.001594842,0.0007474978,0.02686361,0.01907946,0.00112007,0.001561303,1,0,1,0,0
0,1281,0.0008127851,0.02777873,0.02130384,0.001166094,0.001592826,0.0007415143,0.02680556,0.0190349,0.001117916,0.001559132,1,0,1,0,0
0,1284,0.000806028,0.02771839,0.02125268,0.001163866,0.001590813,0.0007355968,0.0267477,0.01899051,0.001115769,0.001556967,1,0,1,0,0
0,1287,0.0007993471,0.02765826,0.02120171,0.001161645,0.001588804,0.0007297444,0.02669004,0.0189463,0.001113629,0.001554806,1,0,1,0,0
0,1290,0.0007927412,0.02759831,0.02115093,0.00115943,0.001586799,0.0007239563,0.02663257,0.01890225,0.001111496,0.001552651,1,0,1,0,0
0,1293,0.0007862095,0.02753857,0.02110034,0.001157223,0.001584797,0.0007182316,0.02657529,0.01885837,0.00110937,0.001550501,1,0,1,0,0
0,1296,0.0007797509,0.02747902,0.02104994,0.001155022,0.001582799,0.0007125697,0.0265182,0.01881466,0.00110725,0.001548357,1,0,1,0,0
0,1299,0.0007733646,0.02741966,0.02099972,0.001152827,0.001580806,0.0007069696,0.0264613,0.01877112,0.001105137,0.001546217,1,0,1,0,0
0,1302,0.0007670496,0.0273605,0.02094969,0.001150639,0.001578815,0.0007014306,0.02640459,0.01872774,0.001103031,0.001544083,1,0,1,0,0
0,1305,0.000760805,0.02730153,0.02089985,0.001148458,0.001576829,0.0006959519,0.02634806,0.01868453,0.001100931,0.001541954,1,0,1,0,0
0,1308,0.0007546299,0.02724274,0.02085019,0.001146284,0.001574846,0.0006905328,0.02629172,0.01864148,0.001098838,0.00153983,1,0,1,0,0
0,1311,0.0007485234,0.02718415,0.02080071,0.001144116,0.001572867,0.0006851724,0.02623556,0.0185986,0.001096751,0.001537711,1,0,1,0,0
0,1314,0.0007424847,0.02712575,0.02075141,0.001141954,0.001570892,0.0006798702,0.02617958,0.01855588,0.001094671,0.001535597,1,0,1,0,0
0,1317,0.0007365128,0.02706753,0.0207023,0.001139799,0.00156892,0.0006746252,0.02612379,0.01851332,0.001092597,0.001533488,1,0,1,0,0
0,1320,0.0007306069,0.0270095,0.02065336,0.00113765,0.001566952,0.0006694368,0.02606818,0.01847092,0.00109053,0.001531384,1,0,1,0,0
0,1323,0.0007247662,0.02695165,0.0206046,0.001135507,0.001564987,0.0006643042,0.02601274,0.01842868,0.001088469,0.001529285,1,0,1,0,0
0,1326,0.0007189899,0.02689399,0.02055602,0.001133371,0.001563026,0.0006592269,0.02595749,0.0183866,0.001086415,0.001527191,1,0,1,0,0
0,1329,0.000713277,0.02683651,0.02050762,0.001131241,0.001561069,0.000654204,0.02590241,0.01834468,0.001084367,0.001525101,1,0,1,0,0
0,1332,0.0007076269,0.02677921,0.02045939,0.001129118,0.001559115,0.0006492349,0.02584751,0.01830291,0.001082325,0.001523017,1,0,1,0,0
0,1335,0.0007020386,0.02672209,0.02041134,0.001127,0.001557165,0.0006443188,0.02579279,0.0182613,0.001080289,0.001520937,1,0,1,0,0
0,1338,0.0006965116,0.02666516,0.02036347,0.001124889,0.001555218,0.0006394552,0.02573824,0.01821985,0.001078259,0.001518863,1,0,1,0,0
0,1341,0.0006910448,0.0266084,0.02031576,0.001122784,0.001553275,0.0006346434,0.02568386,0.01817855,0.001076236,0.001516793,1,0,1,0,0
0,1344,0.0006856376,0.02655182,0.02026824,0.001120685,0.001551335,0.0006298827,0.02562965,0.0181374,0.001074219,0.001514727,1,0,1,0,0
0,1347,0.0006802893,0.02649542,0.02022088,0.001118592,0.001549399,0.0006251725,0.02557562,0.01809641,0.001072208,0.001512667,1,0,1,0,0
0,1350,0.000674999,0.02643919,0.02017369,0.001116505,0.001547466,0.000620512,0.02552176,0.01805556,0.001070203,0.001510611,1,0,1,0,0
0,1353,0.0006697661,0.02638314,0.02012667,0.001114425,0.001545537,0.0006159008,0.02546806,0.01801487,0.001068204,0.00150856,1,0,1,0,0
0,1356,0.0006645898,0.02632726,0.02007983,0.00111235,0.001543611,0.0006113382,0.02541454,0.01797433,0.001066211,0.001506514,1,0,1,0,0
0,1359,0.0006594693,0.02627155,0.02003315,0.001110281,0.001541688,0.0006068237,0.02536118,0.01793394,0.001064224,0.001504472,1,0,1,0,0
0,1362,0.0006544041,0.02621602,0.01998663,0.001108218,0.001539769,0.0006023564,0.02530799,0.01789369,0.001062242,0.001502435,1,0,1,0,0
0,1365,0.0006493934,0.02616066,0.01994029,0.001106161,0.001537854,0.000597936,0.02525496,0.0178536,0.001060267,0.001500402,1,0,1,0,0
0,1368,0.0006444365,0.02610547,0.01989411,0.00110411,0.001535941,0.0005935617,0.0252021,0.01781365,0.001058298,0.001498374,1,0,1,0,0
0,1371,0.0006395326,0.02605044,0.01984809,0.001102065,0.001534032,0.0005892332,0.02514941,0.01777384,0.001056334,0.00149635,1,0,1,0,0
0,1374,0.0006346813,0.02599559,0.01980224,0.001100026,0.001532126,0.0005849496,0.02509687,0.01773418,0.001054376,0.001494331,1,0,1,0,0
0,1377,0.0006298817,0.0259409,0.01975655,0.001097992,0.001530224,0.0005807106,0.0250445,0.01769467,0.001052424,0.001492316,1,0,1,0,0
0,1380,0.0006251333,0.02588638,0.01971103,0.001095964,0.001528325,0.0005765155,0.02499229,0.0176553,0.001050478,0.001490306,1,0,1,0,0
0,1383,0.0006204354,0.02583203,0.01966566,0.001093942,0.001526429,0.0005723638,0.02494024,0.01761607,0.001048538,0.001488301,1,0,1,0,0
0,1386,0.0006157873,0.02577784,0.01962046,0.001091925,0.001524537,0.000568255,0.02488835,0.01757699,0.001046603,0.001486299,1,0,1,0,0
0,1389,0.0006111885,0.02572381,0.01957542,0.001089915,0.001522648,0.0005641884,0.02483662,0.01753804,0.001044673,0.001484302,1,0,1,0,0
0,1392,0.0006066383,0.02566995,0.01953053,0.001087909,0.001520762,0.0005601637,0.02478505,0.01749924,0.00104275,0.00148231,1,0,1,0,0
0,1395,0.0006021361,0.02561625,0.01948581,0.00108591,0.001518879,0.0005561803,0.02473363,0.01746057,0.001040832,0.001480322,1,0,1,0,0
0,1398,0.0005976813,0.02556272,0.01944124,0.001083916,0.001517,0.0005522376,0.02468237,0.01742205,0.001038919,0.001478338,1,0,1,0,0
0,1401,0.0005932733,0.02550934,0.01939683,0.001081927,0.001515124,0.0005483352,0.02463126,0.01738366,0.001037012,0.001476358,1,0,1,0,0
0,1404,0.0005889116,0.02545612,0.01935257,0.001079945,0.001513251,0.0005444725,0.02458031,0.01734541,0.001035111,0.001474383,1,0,1,0,0
0,1407,0.0005845955,0.02540307,0.01930847,0.001077967,0.001511381,0.0005406492,0.02452951,0.0173073,0.001033215,0.001472412,1,0,1,0,0
0,1410,0.0005803244,0.02535017,0.01926453,0.001075995,0.001509514,0.0005368646,0.02447886,0.01726932,0.001031324,0.001470445,1,0,1,0,0
0,1413,0.0005760979,0.02529743,0.01922074,0.001074029,0.001507651,0.0005331183,0.02442837,0.01723148,0.001029439,0.001468482,1,0,1,0,0
0,1416,0.0005719154,0.02524484,0.0191771,0.001072068,0.001505791,0.0005294099,0.02437803,0.01719377,0.001027559,0.001466524,1,0,1,0,0
0,1419,0.0005677762,0.02519242,0.01913361,0.001070112,0.001503934,0.0005257388,0.02432784,0.0171562,0.001025684,0.00146457,1,0,1,0,0
0,1422,0.00056368,0.02514014,0.01909028,0.001068162,0.00150208,0.0005221046,0.02427779,0.01711876,0.001023815,0.00146262,1,0,1,0,0
0,1425,0.000559626,0.02508802,0.0190471,0.001066217,0.001500229,0.0005185069,0.0242279,0.01708145,0.001021951,0.001460674,1,0,1,0,0
0,1428,0.0005556139,0.02503606,0.01900406,0.001064277,0.001498381,0.0005149452,0.02417815,0.01704427,0.001020093,0.001458732,1,0,1,0,0
0,1431,0.000551643,0.02498425,0.01896118,0.001062343,0.001496537,0.0005114191,0.02412856,0.01700723,0.001018239,0.001456794,1,0,1,0,0
0,1434,0.000547713,0.02493259,0.01891844,0.001060414,0.001494695,0.0005079281,0.02407911,0.01697031,0.001016391,0.001454861,1,0,1,0,0
0,1437,0.0005438232,0.02488108,0.01887585,0.00105849,0.001492857,0.0005044718,0.0240298,0.01693353,0.001014548,0.001452931,1,0,1,0,0
0,1440,0.0005399732,0.02482972,0.01883341,0.001056571,0.001491021,0.0005010497,0.02398064,0.01689687,0.001012711,0.001451005,1,0,1,0,0
